{
  "model_type": "logistic_regression_pipeline",
  "selected_model": "logistic_regression",
  "dataset_path": "data/archive/creditcard.csv",
  "feature_columns": [
    "Time",
    "V1",
    "V2",
    "V3",
    "V4",
    "V5",
    "V6",
    "V7",
    "V8",
    "V9",
    "V10",
    "V11",
    "V12",
    "V13",
    "V14",
    "V15",
    "V16",
    "V17",
    "V18",
    "V19",
    "V20",
    "V21",
    "V22",
    "V23",
    "V24",
    "V25",
    "V26",
    "V27",
    "V28",
    "Amount"
  ],
  "n_features": 30,
  "threshold": 0.99,
  "metrics": {
    "baseline_tuned": {
      "threshold": 0.99,
      "precision": 0.6741573033707865,
      "recall": 0.8108108108108109,
      "f1": 0.7361963190184049,
      "roc_auc": 0.9679722632029891,
      "pr_auc": 0.7928733741399766,
      "tn": 42619,
      "fp": 29,
      "fn": 14,
      "tp": 60
    },
    "improved_tuned": {
      "threshold": 0.8400000000000001,
      "precision": 0.8852459016393442,
      "recall": 0.7297297297297297,
      "f1": 0.8,
      "roc_auc": 0.8828017663133026,
      "pr_auc": 0.7160881657535132,
      "tn": 42641,
      "fp": 7,
      "fn": 20,
      "tp": 54
    }
  },
  "selection_timestamp_utc": "2026-04-14T08:17:58.395658+00:00"
}