{
  "model_type": "logistic_regression_pipeline",
  "selected_model": "logistic_regression",
  "dataset_path": "data/archive/creditcard.csv",
  "feature_columns": [
    "Time",
    "V1",
    "V2",
    "V3",
    "V4",
    "V5",
    "V6",
    "V7",
    "V8",
    "V9",
    "V10",
    "V11",
    "V12",
    "V13",
    "V14",
    "V15",
    "V16",
    "V17",
    "V18",
    "V19",
    "V20",
    "V21",
    "V22",
    "V23",
    "V24",
    "V25",
    "V26",
    "V27",
    "V28",
    "Amount"
  ],
  "n_features": 30,
  "threshold_review": 0.7000000000000001,
  "threshold_high": 0.99,
  "score_semantics": "risk_score_uncalibrated",
  "metrics": {
    "val": {
      "baseline_pr_auc": 0.6300872677700333,
      "improved_pr_auc": 0.6289299179337815
    },
    "test_threshold_review": {
      "threshold": 0.7000000000000001,
      "precision": 0.1267605633802817,
      "recall": 0.8513513513513513,
      "f1": 0.22066549912434325,
      "roc_auc": 0.9652288754708565,
      "pr_auc": 0.7694198862705721,
      "tn": 42214,
      "fp": 434,
      "fn": 11,
      "tp": 63
    },
    "test_threshold_high": {
      "threshold": 0.99,
      "precision": 0.7023809523809523,
      "recall": 0.7972972972972973,
      "f1": 0.7468354430379747,
      "roc_auc": 0.9652288754708565,
      "pr_auc": 0.7694198862705721,
      "tn": 42623,
      "fp": 25,
      "fn": 15,
      "tp": 59
    }
  },
  "selection_timestamp_utc": "2026-04-14T09:15:29.192546+00:00"
}