{
  "data_source": "synthetic:make_classification",
  "target_column": "Class",
  "dataset_rows": 12000,
  "dataset_features": 20,
  "class_distribution": {
    "non_fraud": 11829,
    "fraud": 171
  },
  "models": {
    "baseline_logistic_regression_val": {
      "threshold": 0.5,
      "pr_auc": 0.45334427719245657,
      "roc_auc": 0.8803876506807736,
      "precision": 0.04592901878914405,
      "recall": 0.8461538461538461,
      "f1": 0.08712871287128712,
      "confusion_matrix": {
        "tn": 1317,
        "fp": 457,
        "fn": 4,
        "tp": 22
      }
    },
    "candidate_random_forest_val": {
      "threshold": 0.5,
      "pr_auc": 0.46962071602024935,
      "roc_auc": 0.855790911456075,
      "precision": 1.0,
      "recall": 0.07692307692307693,
      "f1": 0.14285714285714285,
      "confusion_matrix": {
        "tn": 1774,
        "fp": 0,
        "fn": 24,
        "tp": 2
      }
    },
    "final_model_val_tuned_threshold": {
      "threshold": 0.6,
      "pr_auc": 0.48124089810763077,
      "roc_auc": 0.8115297892637239,
      "precision": 0.6842105263157895,
      "recall": 0.5,
      "f1": 0.5777777777777777,
      "confusion_matrix": {
        "tn": 1768,
        "fp": 6,
        "fn": 13,
        "tp": 13
      }
    },
    "final_model_test": {
      "threshold": 0.6,
      "pr_auc": 0.28420152130153054,
      "roc_auc": 0.7655211267605634,
      "precision": 0.47058823529411764,
      "recall": 0.32,
      "f1": 0.38095238095238093,
      "confusion_matrix": {
        "tn": 1766,
        "fp": 9,
        "fn": 17,
        "tp": 8
      }
    }
  },
  "final_model_name": "lightgbm",
  "model_version": "20260413T073221Z"
}