{
  "selected_model": "logistic_regression",
  "selection_timestamp_utc": "2026-04-24T08:34:09.500947+00:00",
  "selection_basis": "Validation-only selection. Primary=Val PR-AUC; tie-break=Recall at REVIEW operating point under a top-K review-rate policy.",
  "threshold_policy": {
    "type": "top_k_rate",
    "review_top_rate": 0.01,
    "high_top_rate": 0.002,
    "notes": "Thresholds are chosen to match business review capacity (flag the top-scoring fraction). Risk scores are uncalibrated."
  },
  "baseline": {
    "val_pr_auc": 0.6300872677700333,
    "threshold_review": 0.7391262534904675,
    "threshold_high": 0.9999047447184487,
    "val_metrics_review": {
      "threshold": 0.7391262534904675,
      "precision": 0.14719626168224298,
      "recall": 0.8513513513513513,
      "f1": 0.250996015936255,
      "roc_auc": 0.9683900961951001,
      "pr_auc": 0.6300872677700333,
      "tn": 42282,
      "fp": 365,
      "fn": 11,
      "tp": 63
    },
    "val_metrics_high": {
      "threshold": 0.9999047447184487,
      "precision": 0.6627906976744186,
      "recall": 0.7702702702702703,
      "f1": 0.7125,
      "roc_auc": 0.9683900961951001,
      "pr_auc": 0.6300872677700333,
      "tn": 42618,
      "fp": 29,
      "fn": 17,
      "tp": 57
    }
  },
  "improved": {
    "val_pr_auc": 0.6289299179337815,
    "threshold_review": 3.7712514795585165e-07,
    "threshold_high": 0.00029983990796351035,
    "val_metrics_review": {
      "threshold": 3.7712514795585165e-07,
      "precision": 0.13317757009345793,
      "recall": 0.7702702702702703,
      "f1": 0.22709163346613545,
      "roc_auc": 0.9287691095790142,
      "pr_auc": 0.6289299179337815,
      "tn": 42276,
      "fp": 371,
      "fn": 17,
      "tp": 57
    },
    "val_metrics_high": {
      "threshold": 0.00029983990796351035,
      "precision": 0.6395348837209303,
      "recall": 0.7432432432432432,
      "f1": 0.6875,
      "roc_auc": 0.9287691095790142,
      "pr_auc": 0.6289299179337815,
      "tn": 42616,
      "fp": 31,
      "fn": 19,
      "tp": 55
    },
    "best_params": {
      "learning_rate": 0.03,
      "n_estimators": 450,
      "num_leaves": 63,
      "scale_pos_weight": 10.0
    }
  }
}