model,split,setting,threshold,precision,recall,f1,roc_auc,pr_auc,tn,fp,fn,tp
logistic_regression,val,default_0.5,0.5,0.06707946336429309,0.8783783783783784,0.12464046021093,0.9683900961951001,0.6300872677700333,41743,904,9,65
logistic_regression,val,review_top1.00pct,0.7391262534904675,0.14719626168224298,0.8513513513513513,0.250996015936255,0.9683900961951001,0.6300872677700333,42282,365,11,63
logistic_regression,val,high_top0.20pct,0.9999047447184487,0.6627906976744186,0.7702702702702703,0.7125,0.9683900961951001,0.6300872677700333,42618,29,17,57
