model,split,setting,threshold,precision,recall,f1,roc_auc,pr_auc,tn,fp,fn,tp
lightgbm,val,default_0.5,0.5,0.8412698412698413,0.7162162162162162,0.7737226277372263,0.9287691095790142,0.6289299179337815,42637,10,21,53
lightgbm,val,review_top1.00pct,3.771251479558523e-07,0.13317757009345793,0.7702702702702703,0.22709163346613545,0.9287691095790142,0.6289299179337815,42276,371,17,57
lightgbm,val,high_top0.20pct,0.000299839907963512,0.6395348837209303,0.7432432432432432,0.6875,0.9287691095790142,0.6289299179337815,42616,31,19,55
