{
  "n_features": 30,
  "feature_names": [
    "Time",
    "V1",
    "V2",
    "V3",
    "V4",
    "V5",
    "V6",
    "V7",
    "V8",
    "V9",
    "V10",
    "V11",
    "V12",
    "V13",
    "V14",
    "V15",
    "V16",
    "V17",
    "V18",
    "V19",
    "V20",
    "V21",
    "V22",
    "V23",
    "V24",
    "V25",
    "V26",
    "V27",
    "V28",
    "Amount"
  ],
  "dataset_path": "/home/andb/Documents/Final_Project_DMM501_Group1/data/archive/creditcard.csv",
  "samples": [
    {
      "features": [
        163543.0,
        1.92202844531211,
        -0.209501747502902,
        -0.546351489035423,
        1.19039418874589,
        -0.139587769949728,
        0.0921754180903862,
        -0.403014714773721,
        0.0916500682424196,
        0.935213290680785,
        0.150717178853953,
        -1.23184137606726,
        0.0290278800982994,
        -0.355207330019543,
        0.102977013538,
        0.586065615634743,
        0.426050395912493,
        -0.69978408890047,
        -0.10296963786687,
        -0.365918957970945,
        -0.198400949314837,
        -0.22537970281812,
        -0.649124709614662,
        0.372838522075116,
        0.319945443545818,
        -0.365989562263036,
        -0.993610170296588,
        0.0426258164517278,
        -0.0178255131971737,
        34.8
      ],
      "class_label": 0,
      "time_s": 163543.0,
      "amount": 34.8
    }
  ]
}