{
  "0": {
    "precision": 0.9996716158844088,
    "recall": 0.9993200150065654,
    "f1-score": 0.9994957845241027,
    "support": 42648.0
  },
  "1": {
    "precision": 0.6741573033707865,
    "recall": 0.8108108108108109,
    "f1-score": 0.7361963190184049,
    "support": 74.0
  },
  "accuracy": 0.9989934928140068,
  "macro avg": {
    "precision": 0.8369144596275977,
    "recall": 0.9050654129086881,
    "f1-score": 0.8678460517712538,
    "support": 42722.0
  },
  "weighted avg": {
    "precision": 0.9991077832191306,
    "recall": 0.9989934928140068,
    "f1-score": 0.9990397159775125,
    "support": 42722.0
  }
}