{
  "0": {
    "precision": 0.9996012665650287,
    "recall": 0.9993199990620677,
    "f1-score": 0.9994606130250229,
    "support": 42647.0
  },
  "1": {
    "precision": 0.6627906976744186,
    "recall": 0.7702702702702703,
    "f1-score": 0.7125,
    "support": 74.0
  },
  "accuracy": 0.9989232461786943,
  "macro avg": {
    "precision": 0.8311959821197237,
    "recall": 0.884795134666169,
    "f1-score": 0.8559803065125114,
    "support": 42721.0
  },
  "weighted avg": {
    "precision": 0.9990178536744618,
    "recall": 0.9989232461786943,
    "f1-score": 0.998963548692169,
    "support": 42721.0
  }
}