{
  "threshold": 0.99,
  "precision": 0.6741573033707865,
  "recall": 0.8108108108108109,
  "f1": 0.7361963190184049,
  "roc_auc": 0.9679722632029891,
  "pr_auc": 0.7928733741399766,
  "tn": 42619,
  "fp": 29,
  "fn": 14,
  "tp": 60
}