{
  "threshold_review": 0.7391262534904803,
  "threshold_high": 0.9999047447184487,
  "val": {
    "threshold": 0.9999047447184487,
    "precision": 0.6627906976744186,
    "recall": 0.7702702702702703,
    "f1": 0.7125,
    "roc_auc": 0.9683900961951001,
    "pr_auc": 0.6300872677700333,
    "tn": 42618,
    "fp": 29,
    "fn": 17,
    "tp": 57
  }
}