{
  "threshold_review": 0.7000000000000001,
  "threshold_high": 0.99,
  "val": {
    "threshold": 0.99,
    "precision": 0.5673076923076923,
    "recall": 0.7972972972972973,
    "f1": 0.6629213483146067,
    "roc_auc": 0.9683900961951001,
    "pr_auc": 0.6300872677700333,
    "tn": 42602,
    "fp": 45,
    "fn": 15,
    "tp": 59
  }
}