{
  "0": {
    "precision": 0.9996480277823404,
    "recall": 0.9989448261307947,
    "f1-score": 0.9992963032463877,
    "support": 42647.0
  },
  "1": {
    "precision": 0.5673076923076923,
    "recall": 0.7972972972972973,
    "f1-score": 0.6629213483146067,
    "support": 74.0
  },
  "accuracy": 0.9985955384939491,
  "macro avg": {
    "precision": 0.7834778600450163,
    "recall": 0.898121061714046,
    "f1-score": 0.8311088257804973,
    "support": 42721.0
  },
  "weighted avg": {
    "precision": 0.9988991411732927,
    "recall": 0.9985955384939491,
    "f1-score": 0.9987136449128996,
    "support": 42721.0
  }
}