{
  "total_rows": 284807,
  "class_counts": {
    "0": 284315,
    "1": 492
  },
  "class_ratio": {
    "0": 0.9982725143693799,
    "1": 0.001727485630620034
  }
}