Class,count,ratio
0,284315,0.9982725143693799
1,492,0.001727485630620034
