{
  "0": {
    "precision": 0.9995311437747615,
    "recall": 0.9997655169179543,
    "f1-score": 0.9996483166088342,
    "support": 42647.0
  },
  "1": {
    "precision": 0.84375,
    "recall": 0.7297297297297297,
    "f1-score": 0.782608695652174,
    "support": 74.0
  },
  "accuracy": 0.9992977692469746,
  "macro avg": {
    "precision": 0.9216405718873808,
    "recall": 0.864747623323842,
    "f1-score": 0.8911285061305041,
    "support": 42721.0
  },
  "weighted avg": {
    "precision": 0.9992613044770078,
    "recall": 0.9992977692469746,
    "f1-score": 0.9992723672642312,
    "support": 42721.0
  }
}