{
  "0": {
    "precision": 0.9995311877358711,
    "recall": 0.9998358656912399,
    "f1-score": 0.9996835034990447,
    "support": 42648.0
  },
  "1": {
    "precision": 0.8852459016393442,
    "recall": 0.7297297297297297,
    "f1-score": 0.8,
    "support": 74.0
  },
  "accuracy": 0.9993680071157718,
  "macro avg": {
    "precision": 0.9423885446876077,
    "recall": 0.8647827977104848,
    "f1-score": 0.8998417517495223,
    "support": 42722.0
  },
  "weighted avg": {
    "precision": 0.9993332309180456,
    "recall": 0.9993680071157718,
    "f1-score": 0.9993376259825676,
    "support": 42722.0
  }
}