{
  "0": {
    "precision": 0.9995543567491497,
    "recall": 0.9992731024456586,
    "f1-score": 0.9994137098098075,
    "support": 42647.0
  },
  "1": {
    "precision": 0.6395348837209303,
    "recall": 0.7432432432432432,
    "f1-score": 0.6875,
    "support": 74.0
  },
  "accuracy": 0.9988296154116243,
  "macro avg": {
    "precision": 0.81954462023504,
    "recall": 0.8712581728444508,
    "f1-score": 0.8434568549049037,
    "support": 42721.0
  },
  "weighted avg": {
    "precision": 0.9989307421098838,
    "recall": 0.9988296154116243,
    "f1-score": 0.998873422491488,
    "support": 42721.0
  }
}