{
  "threshold": 0.8400000000000001,
  "precision": 0.8852459016393442,
  "recall": 0.7297297297297297,
  "f1": 0.8,
  "roc_auc": 0.8828017663133026,
  "pr_auc": 0.7160881657535132,
  "tn": 42641,
  "fp": 7,
  "fn": 20,
  "tp": 54
}