{
  "selected_model": "logistic_regression",
  "selection_timestamp_utc": "2026-04-13T16:31:44.013282+00:00",
  "selection_basis": "Primary=PR-AUC and Recall at tuned threshold; secondary=F1 and precision trade-off",
  "baseline_tuned_metrics": {
    "threshold": 0.99,
    "precision": 0.6741573033707865,
    "recall": 0.8108108108108109,
    "f1": 0.7361963190184049,
    "roc_auc": 0.9679722632029891,
    "pr_auc": 0.7928733741399766,
    "tn": 42619,
    "fp": 29,
    "fn": 14,
    "tp": 60
  },
  "improved_tuned_metrics": {
    "threshold": 0.8400000000000001,
    "precision": 0.8852459016393442,
    "recall": 0.7297297297297297,
    "f1": 0.8,
    "roc_auc": 0.8828017663133026,
    "pr_auc": 0.7160881657535132,
    "tn": 42641,
    "fp": 7,
    "fn": 20,
    "tp": 54
  }
}