{
  "selected_model": "logistic_regression",
  "selection_timestamp_utc": "2026-04-14T09:15:29.192546+00:00",
  "selection_basis": "Validation-only selection. Primary=Val PR-AUC; tie-break=Recall at REVIEW threshold under precision constraint.",
  "review_min_precision": 0.1,
  "high_min_precision": 0.8,
  "baseline": {
    "val_pr_auc": 0.6300872677700333,
    "threshold_review": 0.7000000000000001,
    "threshold_high": 0.99,
    "val_metrics_review": {
      "threshold": 0.7000000000000001,
      "precision": 0.13195876288659794,
      "recall": 0.8648648648648649,
      "f1": 0.22898032200357782,
      "roc_auc": 0.9683900961951001,
      "pr_auc": 0.6300872677700333,
      "tn": 42226,
      "fp": 421,
      "fn": 10,
      "tp": 64
    },
    "val_metrics_high": {
      "threshold": 0.99,
      "precision": 0.5673076923076923,
      "recall": 0.7972972972972973,
      "f1": 0.6629213483146067,
      "roc_auc": 0.9683900961951001,
      "pr_auc": 0.6300872677700333,
      "tn": 42602,
      "fp": 45,
      "fn": 15,
      "tp": 59
    }
  },
  "improved": {
    "val_pr_auc": 0.6289299179337815,
    "threshold_review": 0.01,
    "threshold_high": 0.45,
    "val_metrics_review": {
      "threshold": 0.01,
      "precision": 0.7638888888888888,
      "recall": 0.7432432432432432,
      "f1": 0.7534246575342466,
      "roc_auc": 0.9287691095790142,
      "pr_auc": 0.6289299179337815,
      "tn": 42630,
      "fp": 17,
      "fn": 19,
      "tp": 55
    },
    "val_metrics_high": {
      "threshold": 0.45,
      "precision": 0.84375,
      "recall": 0.7297297297297297,
      "f1": 0.782608695652174,
      "roc_auc": 0.9287691095790142,
      "pr_auc": 0.6289299179337815,
      "tn": 42637,
      "fp": 10,
      "fn": 20,
      "tp": 54
    },
    "best_params": {
      "learning_rate": 0.03,
      "n_estimators": 450,
      "num_leaves": 63,
      "scale_pos_weight": 10.0
    }
  }
}